{"match_id": "494e74e6-ce6a-45ff-9b04-7ffa98e7e90d", "routes_version": 0, "routes": [{"driver_route": {"geometry_latlon": [[51.252837, 7.138808], [51.252429, 7.139197], [51.252111, 7.13954], [51.25162, 7.140007], [51.251372, 7.140243], [51.251358, 7.140257], [51.25129, 7.140321], [51.251526, 7.140974], [51.251553, 7.141053], [51.251622, 7.141248], [51.251547, 7.141333], [51.251491, 7.141378], [51.251323, 7.141494], [51.251138, 7.141621], [51.251013, 7.141698], [51.250987, 7.141718], [51.250851, 7.141811], [51.250726, 7.141781], [51.25064, 7.141754], [51.250608, 7.141737], [51.250529, 7.141675], [51.250391, 7.141569], [51.250319, 7.141405], [51.25024, 7.141261], [51.250155, 7.141143], [51.25007, 7.141049], [51.24989, 7.140873], [51.249636, 7.140631], [51.249453, 7.140476], [51.249404, 7.140434], [51.24918, 7.140197], [51.249019, 7.140034], [51.248865, 7.13985], [51.248536, 7.139403], [51.24812, 7.138766], [51.247771, 7.138204], [51.247543, 7.137819], [51.24745, 7.137653], [51.247324, 7.137456], [51.247278, 7.13739], [51.247243, 7.137352], [51.247214, 7.137318], [51.247099, 7.137169], [51.246953, 7.137035], [51.246887, 7.136975], [51.246848, 7.136942], [51.246742, 7.136841], [51.246641, 7.136749], [51.246293, 7.13643], [51.245873, 7.136059], [51.244961, 7.135176], [51.244482, 7.134677], [51.244394, 7.134588], [51.244269, 7.134462], [51.244204, 7.134396], [51.244125, 7.134243], [51.243688, 7.133513], [51.243188, 7.132648], [51.242753, 7.132056], [51.241968, 7.131075], [51.241702, 7.130742], [51.241427, 7.130387], [51.24116, 7.130021], [51.240735, 7.129434], [51.240302, 7.128932], [51.239963, 7.128579], [51.239628, 7.12821], [51.239462, 7.128003], [51.239229, 7.127695], [51.23873, 7.126988], [51.238221, 7.126252], [51.237391, 7.124939], [51.236966, 7.124223], [51.236564, 7.123508], [51.235919, 7.122307], [51.235471, 7.121413], [51.235062, 7.120565], [51.234653, 7.119637], [51.234475, 7.11912], [51.23444, 7.118997], [51.234395, 7.118821], [51.234362, 7.118668], [51.234329, 7.118453], [51.234297, 7.118172], [51.234129, 7.116327], [51.234115, 7.115863], [51.234086, 7.11506], [51.23402, 7.113666], [51.233932, 7.112785], [51.233751, 7.111608], [51.233511, 7.110601], [51.233153, 7.109442], [51.232622, 7.107951], [51.232215, 7.106715], [51.231977, 7.105878], [51.231775, 7.105052], [51.231617, 7.1043], [51.231425, 7.103227], [51.231344, 7.102646], [51.231187, 7.101368], [51.231036, 7.100049], [51.231001, 7.099772], [51.230961, 7.099498], [51.230908, 7.099159], [51.230875, 7.098952], [51.230844, 7.098771], [51.230801, 7.098552], [51.230755, 7.098338], [51.230698, 7.098082], [51.230636, 7.097837], [51.230579, 7.09763], [51.230517, 7.097424], [51.230423, 7.097145], [51.230344, 7.096925], [51.23026, 7.096713], [51.230188, 7.096539], [51.230086, 7.096311], [51.229896, 7.095909], [51.22966, 7.095436], [51.229394, 7.094869], [51.229222, 7.09446], [51.229058, 7.094007], [51.228961, 7.093678], [51.228888, 7.093369], [51.22883, 7.093015], [51.228795, 7.092678], [51.228783, 7.092358], [51.228786, 7.092092], [51.228806, 7.091796], [51.228841, 7.091402], [51.228896, 7.091014], [51.22897, 7.090678], [51.229082, 7.090252], [51.229199, 7.089867], [51.229264, 7.089594], [51.229316, 7.089348], [51.229356, 7.089125], [51.229376, 7.088904], [51.229379, 7.088711], [51.229372, 7.088572], [51.229359, 7.088434], [51.229339, 7.088298], [51.229311, 7.088166], [51.229278, 7.088037], [51.229237, 7.087913], [51.229191, 7.087795], [51.229138, 7.087683], [51.229081, 7.087578], [51.229006, 7.087465], [51.228924, 7.087363], [51.228837, 7.087274], [51.228757, 7.087208], [51.228675, 7.087153], [51.228493, 7.087029], [51.228069, 7.086806], [51.227786, 7.08662], [51.227603, 7.086435], [51.227398, 7.086189], [51.227173, 7.085995], [51.22682, 7.085382], [51.226576, 7.084828], [51.226392, 7.084354], [51.226254, 7.083964], [51.226133, 7.083518], [51.226007, 7.082927], [51.225881, 7.082262], [51.225787, 7.081575], [51.225719, 7.080936], [51.225524, 7.078958], [51.225431, 7.078169], [51.225311, 7.077456], [51.225192, 7.076861], [51.225077, 7.076416], [51.22496, 7.076038], [51.224787, 7.075559], [51.224616, 7.075161], [51.224392, 7.074693], [51.224136, 7.074253], [51.223838, 7.073806], [51.223592, 7.073475], [51.222762, 7.072398], [51.222547, 7.07212], [51.22226, 7.071692], [51.221997, 7.071258], [51.221771, 7.070817], [51.221572, 7.07036], [51.221377, 7.069865], [51.221196, 7.069297], [51.221055, 7.068777], [51.220931, 7.068223], [51.220814, 7.067598], [51.220717, 7.067002], [51.220567, 7.065919], [51.220412, 7.064755], [51.2203, 7.064024], [51.22018, 7.063357], [51.220054, 7.062759], [51.219945, 7.062349], [51.219795, 7.061861], [51.219645, 7.061434], [51.219526, 7.061119], [51.219395, 7.060799], [51.219309, 7.060606], [51.219184, 7.06034], [51.219052, 7.060084], [51.218916, 7.059841], [51.218777, 7.059612], [51.218588, 7.059322], [51.218396, 7.059047], [51.218195, 7.05879], [51.21799, 7.058549], [51.217666, 7.058225], [51.217253, 7.057865], [51.216636, 7.05738], [51.216146, 7.057025], [51.215679, 7.056682], [51.215313, 7.056416], [51.214627, 7.055831], [51.213933, 7.055128], [51.213388, 7.054457], [51.212788, 7.053586], [51.212259, 7.052666], [51.211731, 7.051569], [51.211154, 7.050108], [51.210476, 7.048175], [51.210392, 7.047937], [51.210339, 7.047777], [51.208892, 7.043393], [51.208673, 7.042674], [51.208464, 7.041929], [51.208291, 7.041209], [51.208133, 7.040447], [51.207977, 7.0395], [51.207872, 7.03844], [51.20783, 7.038007], [51.207796, 7.037039], [51.207798, 7.035334], [51.207783, 7.034817], [51.207782, 7.034439], [51.207781, 7.034196], [51.207774, 7.0328], [51.207773, 7.031628], [51.207772, 7.031221], [51.207767, 7.030296], [51.207759, 7.028797], [51.207754, 7.028319], [51.207735, 7.027453], [51.20772, 7.026994], [51.207686, 7.026303], [51.207658, 7.025919], [51.207626, 7.025515], [51.207531, 7.024586], [51.20744, 7.02389], [51.207311, 7.023026], [51.20718, 7.022323], [51.206971, 7.021303], [51.206763, 7.020432], [51.206605, 7.019734], [51.206419, 7.019078], [51.206017, 7.017517], [51.205846, 7.016849], [51.205363, 7.015001], [51.205319, 7.014831], [51.205243, 7.014539], [51.205189, 7.014334], [51.205059, 7.013832], [51.204634, 7.012213], [51.204597, 7.012071], [51.203977, 7.00969], [51.203656, 7.008405], [51.203286, 7.00685], [51.202878, 7.00513], [51.202652, 7.004164], [51.202266, 7.002547], [51.202136, 7.001985], [51.202053, 7.001603], [51.201989, 7.001309], [51.201856, 7.000623], [51.201686, 6.999667], [51.201567, 6.9989], [51.201417, 6.997748], [51.20133, 6.996953], [51.201237, 6.99604], [51.201095, 6.994424], [51.201047, 6.993853], [51.20098, 6.993138], [51.200733, 6.990454], [51.200597, 6.988946], [51.200463, 6.987503], [51.200199, 6.984659], [51.199943, 6.981857], [51.199679, 6.97893], [51.199472, 6.976699], [51.199415, 6.976084], [51.199331, 6.975179], [51.199243, 6.974181], [51.199213, 6.973754], [51.199175, 6.973429], [51.199022, 6.971769], [51.198935, 6.970954], [51.198904, 6.970609], [51.198792, 6.969357], [51.198711, 6.968489], [51.198642, 6.967761], [51.198532, 6.966536], [51.198366, 6.964738], [51.198098, 6.961863], [51.197847, 6.959143], [51.197575, 6.956275], [51.19748, 6.955419], [51.197376, 6.95443], [51.197272, 6.953529], [51.197116, 6.952263], [51.196934, 6.950958], [51.196754, 6.949787], [51.19656, 6.948599], [51.196506, 6.947718], [51.196364, 6.946897], [51.196276, 6.946402], [51.196126, 6.945555], [51.196079, 6.945317], [51.195632, 6.943258], [51.195389, 6.94214], [51.195186, 6.941227], [51.194585, 6.938498], [51.194414, 6.937819], [51.194286, 6.937271], [51.194164, 6.937011], [51.194071, 6.936555], [51.193927, 6.935758], [51.193804, 6.934997], [51.193723, 6.934493], [51.193564, 6.933338], [51.193401, 6.931875], [51.193374, 6.931579], [51.193318, 6.930875], [51.193204, 6.92929], [51.193167, 6.928693], [51.192996, 6.925891], [51.192827, 6.922967], [51.192642, 6.92032], [51.192636, 6.920217], [51.192506, 6.918167], [51.192453, 6.917359], [51.192396, 6.916493], 